{
  "module_names": [
    {
      "branches": 24,
      "branches_missing": 11,
      "branches_partial": 1,
      "coverage": 70.2127659574468,
      "lines": [
        1,
        2,
        3,
        5,
        6,
        7,
        8,
        9,
        11,
        12,
        13,
        14,
        15,
        16,
        17,
        19,
        20,
        21,
        22,
        23,
        25,
        26,
        27,
        29,
        31,
        32,
        33,
        34,
        35,
        36,
        37,
        39,
        40,
        41,
        43,
        44,
        45,
        46,
        48,
        49,
        50,
        51,
        52,
        54,
        55,
        56,
        57
      ],
      "lines_not_covered": [
        40,
        41,
        44,
        45,
        46,
        48,
        49,
        50,
        51,
        52,
        54,
        55,
        56,
        57
      ],
      "module": "portscan",
      "sum_lines": 47,
      "sum_lines_not_covered": 14
    },
    {
      "branches": 4,
      "branches_missing": 0,
      "branches_partial": 0,
      "coverage": 100.0,
      "lines": [
        1,
        3,
        5,
        6,
        7,
        9,
        10,
        11,
        15,
        16,
        18,
        19,
        20
      ],
      "lines_not_covered": [],
      "module": "simpleservers",
      "sum_lines": 13,
      "sum_lines_not_covered": 0
    }
  ],
  "overall_branch_coverage": 60.714285714285715,
  "overall_branch_partial_coverage": 96.42857142857143,
  "overall_coverage": 76.66666666666667
}